library,sample
GAB_EUK1,GAB_EUK1_A1
GAB_EUK1,GAB_EUK1_B1
GAB_EUK1,GAB_EUK1_C1
GAB_EUK1,GAB_EUK1_D1
GAB_EUK1,GAB_EUK1_E1
GAB_EUK1,GAB_EUK1_F1
GAB_EUK1,GAB_EUK1_G1
GAB_EUK1,GAB_EUK1_H1
GAB_EUK1,GAB_EUK1_A2
GAB_EUK1,GAB_EUK1_B2
GAB_EUK1,GAB_EUK1_C2
GAB_EUK1,GAB_EUK1_D2
GAB_EUK1,GAB_EUK1_E2
GAB_EUK1,GAB_EUK1_F2
GAB_EUK1,GAB_EUK1_G2
GAB_EUK1,GAB_EUK1_H2
GAB_EUK1,GAB_EUK1_A3
GAB_EUK1,GAB_EUK1_B3
GAB_EUK1,GAB_EUK1_C3
GAB_EUK1,GAB_EUK1_D3
GAB_EUK1,GAB_EUK1_E3
GAB_EUK1,GAB_EUK1_F3
GAB_EUK1,GAB_EUK1_G3
GAB_EUK1,GAB_EUK1_H3
GAB_EUK1,GAB_EUK1_A4
GAB_EUK1,GAB_EUK1_B4
GAB_EUK1,GAB_EUK1_C4
GAB_EUK1,GAB_EUK1_D4
GAB_EUK1,GAB_EUK1_E4
GAB_EUK1,GAB_EUK1_F4
GAB_EUK1,GAB_EUK1_G4
GAB_EUK1,GAB_EUK1_H4
GAB_EUK1,GAB_EUK1_A5
GAB_EUK1,GAB_EUK1_B5
GAB_EUK1,GAB_EUK1_C5
GAB_EUK1,GAB_EUK1_D5
GAB_EUK1,GAB_EUK1_E5
GAB_EUK1,GAB_EUK1_F5
GAB_EUK1,GAB_EUK1_G5
GAB_EUK1,GAB_EUK1_H5
GAB_EUK1,GAB_EUK1_A6
GAB_EUK1,GAB_EUK1_B6
GAB_EUK1,GAB_EUK1_C6
GAB_EUK1,GAB_EUK1_D6
GAB_EUK1,GAB_EUK1_E6
GAB_EUK1,GAB_EUK1_F6
GAB_EUK1,GAB_EUK1_G6
GAB_EUK1,GAB_EUK1_H6
GAB_EUK1,GAB_EUK1_A7
GAB_EUK1,GAB_EUK1_B7
GAB_EUK1,GAB_EUK1_C7
GAB_EUK1,GAB_EUK1_D7
GAB_EUK1,GAB_EUK1_E7
GAB_EUK1,GAB_EUK1_F7
GAB_EUK1,GAB_EUK1_G7
GAB_EUK1,GAB_EUK1_H7
GAB_EUK1,GAB_EUK1_A8
GAB_EUK1,GAB_EUK1_B8
GAB_EUK1,GAB_EUK1_C8
GAB_EUK1,GAB_EUK1_D8
GAB_EUK1,GAB_EUK1_E8
GAB_EUK1,GAB_EUK1_F8
GAB_EUK1,GAB_EUK1_G8
GAB_EUK1,GAB_EUK1_H8
GAB_EUK1,GAB_EUK1_A9
GAB_EUK1,GAB_EUK1_B9
GAB_EUK1,GAB_EUK1_C9
GAB_EUK1,GAB_EUK1_D9
GAB_EUK1,GAB_EUK1_E9
GAB_EUK1,GAB_EUK1_F9
GAB_EUK1,GAB_EUK1_G9
GAB_EUK1,GAB_EUK1_H9
GAB_EUK1,GAB_EUK1_A10
GAB_EUK1,GAB_EUK1_B10
GAB_EUK1,GAB_EUK1_C10
GAB_EUK1,GAB_EUK1_D10
GAB_EUK1,GAB_EUK1_E10
GAB_EUK1,GAB_EUK1_F10
GAB_EUK1,GAB_EUK1_G10
GAB_EUK1,GAB_EUK1_H10
GAB_EUK1,GAB_EUK1_A11
GAB_EUK1,GAB_EUK1_B11
GAB_EUK1,GAB_EUK1_C11
GAB_EUK1,GAB_EUK1_D11
GAB_EUK1,GAB_EUK1_E11
GAB_EUK1,GAB_EUK1_F11
GAB_EUK1,GAB_EUK1_G11
GAB_EUK1,GAB_EUK1_H11
GAB_EUK1,GAB_EUK1_A12
GAB_EUK1,GAB_EUK1_B12
GAB_EUK1,GAB_EUK1_C12
GAB_EUK1,GAB_EUK1_D12
GAB_EUK1,GAB_EUK1_E12
GAB_EUK1,GAB_EUK1_F12
GAB_EUK1,GAB_EUK1_G12
GAB_EUK1,GAB_EUK1_H12
GAB_EUK2,P3_DEG_Xblk
GAB_EUK2,EB_bc12
GAB_EUK2,P3_B01
GAB_EUK2,MB_iso16
GAB_EUK2,MB_iso66
GAB_EUK2,SEL_10_F1
GAB_EUK2,P3_NTCa
GAB_EUK2,SEL_10_F2
GAB_EUK2,SEL_10_F3
GAB_EUK2,SEL_10_Fil
GAB_EUK2,SEL_11_F1
GAB_EUK2,P3_B02
GAB_EUK2,SEL_11_F2
GAB_EUK2,P3_FISHa
GAB_EUK2,SEL_11_F3
GAB_EUK2,SEL_11_Fil
GAB_EUK2,SEL_12_F1
GAB_EUK2,SEL_12_F2
GAB_EUK2,P3_F7_blank
GAB_EUK2,SEL_12_Fil
GAB_EUK2,P3_B03
GAB_EUK2,SEL_1_F1
GAB_EUK2,SEL_1_F2
GAB_EUK2,SEL_1_F3
GAB_EUK2,SEL_1_Fil
GAB_EUK2,SEL_2_F1
GAB_EUK2,SEL_2_F2
GAB_EUK2,SEL_2_F3
GAB_EUK2,SEL_2_Fil
GAB_EUK2,P3_B04
GAB_EUK2,SEL_3_F1
GAB_EUK2,SEL_3_F2
GAB_EUK2,P3_NTCb
GAB_EUK2,SEL_3_F3
GAB_EUK2,SEL_3_Fil
GAB_EUK2,SEL_4_F1
GAB_EUK2,SEL_4_F2
GAB_EUK2,SEL_4_F3
GAB_EUK2,P3_B05
GAB_EUK2,SEL_4_Fil
GAB_EUK2,SEL_5_F1
GAB_EUK2,SEL_5_F2
GAB_EUK2,SEL_5_F3
GAB_EUK2,SEL_5_Fil
GAB_EUK2,SEL_6_F1
GAB_EUK2,SEL_6_F2
GAB_EUK2,P3_FISHb
GAB_EUK2,P3_B06
GAB_EUK2,SEL_6_F3
GAB_EUK2,SEL_6_Fil
GAB_EUK2,SEL_7_F2
GAB_EUK2,SEL_7_F3
GAB_EUK2,SEL_7_Fil
GAB_EUK2,SEL_8_F2
GAB_EUK2,P3_B07
GAB_EUK2,SEL_8_F3
GAB_EUK2,SEL_8_Fil
GAB_EUK2,SEL_9_F1
GAB_EUK2,SEL_9_F2
GAB_EUK2,P3_NTCc
GAB_EUK2,SEL_9_Fil
GAB_EUK2,P3_B08
GAB_EUK2,TBS_10_F1
GAB_EUK2,TBS_10_F2
GAB_EUK2,TBS_10_F3
GAB_EUK2,TBS_10_Fil
GAB_EUK2,P3_FISHc
GAB_EUK2,TBS_11_F2
GAB_EUK2,P3_B09
GAB_EUK2,TBS_11_F3
GAB_EUK2,TBS_11_Fil
GAB_EUK2,TBS_12_F1
GAB_EUK2,P3_F8_blank
GAB_EUK2,TBS_12_F2
GAB_EUK2,TBS_12_F3
GAB_EUK2,P3_B10
GAB_EUK2,TBS_12_Fil
GAB_EUK2,TBS_9_F1
GAB_EUK2,TBS_9_F2
GAB_EUK2,TBS_9_F3
GAB_EUK2,P3_FISHd
GAB_EUK2,TBS_9_Fil
GAB_EUK2,P3_B11
GAB_EUK2,TBS_8_F2
GAB_EUK2,TBS_8_Fil
GAB_EUK2,TBS_7_F1
GAB_EUK2,TBS_7_F3
GAB_EUK2,TBS_7_Fil
GAB_EUK2,TBS_6_F1
GAB_EUK2,P3_B12
GAB_EUK2,TBS_6_F2
GAB_EUK2,TBS_6_Fil
GAB_EUK2,TBS_5_F1
GAB_EUK2,P3_NTCd
GAB_EUK2,TBS_5_F3
GAB_EUK2,TBS_5_Fil
GAB_EUK2,SEL_4_G2
GAB_EUK2,SEL_4_PE2
GAB_EUK2,P4_B6_blank
GAB_EUK2,P4_B01
GAB_EUK2,SEL_4_PET1
GAB_EUK2,SEL_4_PET2
GAB_EUK2,SEL_4_PET3
GAB_EUK2,SEL_4_wPE2
GAB_EUK2,SEL_4_wPET1
GAB_EUK2,SEL_4_wPET2
GAB_EUK2,SEL_6_G2
GAB_EUK2,P4_NTCa
GAB_EUK2,P4_B02
GAB_EUK2,SEL_8_PE3
GAB_EUK2,SEL_8_PET2
GAB_EUK2,P4_FISHa
GAB_EUK2,SEL_8_wPE1
GAB_EUK2,P4_B5_blank
GAB_EUK2,SEL_8_wPET3
GAB_EUK2,SEL_SPR_G1
GAB_EUK2,SEL_SPR_PE1
GAB_EUK2,P4_B03
GAB_EUK2,SEL_SPR_PET3
GAB_EUK2,SEL_SPR_wPE1
GAB_EUK2,SEL_SPR_wPET3
GAB_EUK2,SEL_SUM_PE1
GAB_EUK2,SEL_SUM_PE3
GAB_EUK2,SEL_SUM_PET1
GAB_EUK2,SEL_SUM_PET2
GAB_EUK2,SEL_SUM_PET3
GAB_EUK2,P4_B04
GAB_EUK2,P4_NTCb
GAB_EUK2,SEL_SUM_wPE3
GAB_EUK2,SEL_SUM_wPET2
GAB_EUK2,P4_FISHb
GAB_EUK2,SEL_SUM_wPET3
GAB_EUK2,TBS_1_F1
GAB_EUK2,TBS_1_F2
GAB_EUK2,P4_B8_blank
GAB_EUK2,P4_B05
GAB_EUK2,TBS_1_F3
GAB_EUK2,P4_NTCc
GAB_EUK2,TBS_1_Fil
GAB_EUK2,TBS_2_F1
GAB_EUK2,TBS_2_F2
GAB_EUK2,TBS_2_F3
GAB_EUK2,P4_B06
GAB_EUK2,TBS_2_Fil
GAB_EUK2,P4_B7_blank
GAB_EUK2,TBS_3_F2
GAB_EUK2,TBS_3_F3
GAB_EUK2,TBS_3_Fil
GAB_EUK2,TBS_3_PET1
GAB_EUK2,P4_B07
GAB_EUK2,TBS_3_wPET2
GAB_EUK2,TBS_4_F1
GAB_EUK2,TBS_4_F3
GAB_EUK2,TBS_4_Fil
GAB_EUK2,TBS_5_G3
GAB_EUK2,P4_FISHc
GAB_EUK2,P4_B08
GAB_EUK2,TBS_6_PE3
GAB_EUK2,TBS_6_PET3
GAB_EUK2,TBS_6_wPE3
GAB_EUK2,TBS_6_wPET3
GAB_EUK2,TBS_7_G1
GAB_EUK2,TBS_7_PE1
GAB_EUK2,P4_B09
GAB_EUK2,TBS_7_wPE3
GAB_EUK2,TBS_7_wPET1
GAB_EUK2,TBS_7_wPET2
GAB_EUK2,TBS_8_G1
GAB_EUK2,TBS_8_G3
GAB_EUK2,TBS_8_PE1
GAB_EUK2,P4_B10
GAB_EUK2,TBS_8_PE3
GAB_EUK2,TBS_SPR_G1
GAB_EUK2,TBS_SPR_G2
GAB_EUK2,TBS_SPR_G3
GAB_EUK2,TBS_SPR_PE1
GAB_EUK2,TBS_SPR_PE3
GAB_EUK2,P4_B11
GAB_EUK2,TBS_SPR_PET1
GAB_EUK2,P4_NTCd
GAB_EUK2,TBS_SPR_PET2
GAB_EUK2,TBS_SPR_PET3
GAB_EUK2,TBS_SPR_wPE1
GAB_EUK2,TBS_SPR_wPE2
GAB_EUK2,P4_B12
GAB_EUK2,TBS_SPR_wPE3
GAB_EUK2,TBS_SPR_wPET2
GAB_EUK2,TBS_SPR_wPET3
GAB_EUK2,TBS_SUM_PE3
GAB_EUK2,TBS_SUM_PET2
GAB_EUK2,TBS_SUM_wPE1
GAB_EUK2,TBS_SUM_wPE2
GAB_EUK3,EB_bc22
GAB_EUK3,EB_iso13
GAB_EUK3,EB_iso23
GAB_EUK3,P5_B6_blk20
GAB_EUK3,P5_B01
GAB_EUK3,EB_iso33
GAB_EUK3,MB_bc13
GAB_EUK3,P5_FISH20a
GAB_EUK3,MB_bc33
GAB_EUK3,MB_iso26
GAB_EUK3,MB_iso36
GAB_EUK3,MB_iso46
GAB_EUK3,P5_DEG_Xblk20
GAB_EUK3,P5_B02
GAB_EUK3,SEL_12_F3
GAB_EUK3,SEL_12_Fil_3
GAB_EUK3,SEL_3_wPE1
GAB_EUK3,SEL_4_G1
GAB_EUK3,SEL_FAL_PET3
GAB_EUK3,SEL_SPR_G2
GAB_EUK3,SEL_SPR_G3
GAB_EUK3,SEL_SPR_PE3
GAB_EUK3,P5_B03
GAB_EUK3,P5_B12_blk20
GAB_EUK3,P5_NTC20a
GAB_EUK3,SEL_SPR_PET1
GAB_EUK3,SEL_SPR_PET2
GAB_EUK3,SEL_SPR_wPE3
GAB_EUK3,SEL_SPR_wPET1
GAB_EUK3,SEL_SPR_wPET2
GAB_EUK3,SEL_WIN2_wPET3
GAB_EUK3,P5_B04
GAB_EUK3,TBS_11_F1
GAB_EUK3,TBS_11_Fil_3
GAB_EUK3,TBS_3_F1
GAB_EUK3,TBS_3_Fil_3
GAB_EUK3,TBS_3_PE1
GAB_EUK3,TBS_3_wPE1
GAB_EUK3,P5_B05
GAB_EUK3,TBS_8_PET3
GAB_EUK3,TBS_8_wPET3
GAB_EUK3,TBS_SPR_wPET1
GAB_EUK3,P5_B8_blk20
GAB_EUK3,P5_NTC20b
GAB_EUK3,P5_FISH20b
GAB_EUK3,P5_B06
GAB_EUK3,P5_NTC20c
GAB_EUK3,P5_NTC20d
GAB_EUK3,SEL_3_PE2
GAB_EUK3,SEL_3_PE3
GAB_EUK3,SEL_FAL_PE2
GAB_EUK3,SEL_FAL_wPE2
GAB_EUK3,P5_B07
GAB_EUK3,SEL_FAL_wPE3
GAB_EUK3,SEL_SPR_PE2
GAB_EUK3,TBS_1_wPE1
GAB_EUK3,TBS_3_G1
GAB_EUK3,P5_FISH23a
GAB_EUK3,TBS_3_G3
GAB_EUK3,P5_B08
GAB_EUK3,P5_NTC23a
GAB_EUK3,TBS_3_PE2
GAB_EUK3,TBS_3_PE3
GAB_EUK3,TBS_3_wPE2
GAB_EUK3,P5_B6_blk23
GAB_EUK3,TBS_3_wPE3
GAB_EUK3,P5_B09
GAB_EUK3,TBS_3_wPET1
GAB_EUK3,TBS_3_wPET3
GAB_EUK3,TBS_FAL_wPET2
GAB_EUK3,TBS_WIN2_G2
GAB_EUK3,TBS_WIN2_wPE3
GAB_EUK3,TBS_WIN2_PET1
GAB_EUK3,P5_B10
GAB_EUK3,P5_NTC23b
GAB_EUK3,P5_NTC23c
GAB_EUK3,P5_B12_blk23
GAB_EUK3,P5_NTC23d
GAB_EUK3,P5_NTC23e
GAB_EUK3,P5_FISH23b
GAB_EUK3,P5_B11
GAB_EUK3,MB_iso56
GAB_EUK3,SEL_1_G1
GAB_EUK3,SEL_1_wPE2
GAB_EUK3,SEL_3_G3
GAB_EUK3,SEL_3_wPET1
GAB_EUK3,SEL_3_wPET3
GAB_EUK3,P5_B12_blk261
GAB_EUK3,SEL_8_wPET1
GAB_EUK3,P5_B12
GAB_EUK3,SEL_FAL_wPE1
GAB_EUK3,SEL_WIN2_PE1
GAB_EUK3,SEL_WIN2_PE3
GAB_EUK3,SEL_WIN2_PET1
GAB_EUK3,P5_FISH261
GAB_EUK3,SEL_WIN2_PET3
GAB_EUK3,MB_bc23
GAB_EUK3,P6_B5_blk30
GAB_EUK3,P6_DEG_Xblk30
GAB_EUK3,SEL_1_G3
GAB_EUK3,SEL_1_PE2
GAB_EUK3,P6_B01
GAB_EUK3,SEL_1_PET1
GAB_EUK3,SEL_1_wPE3
GAB_EUK3,SEL_1_wPET1
GAB_EUK3,SEL_1_wPET2
GAB_EUK3,SEL_1_wPET3
GAB_EUK3,P6_NTC30a
GAB_EUK3,SEL_2_G2
GAB_EUK3,SEL_2_G3
GAB_EUK3,P6_B02
GAB_EUK3,SEL_2_PE1
GAB_EUK3,SEL_2_PE2
GAB_EUK3,SEL_2_PE3
GAB_EUK3,SEL_2_PET2
GAB_EUK3,SEL_2_PET3
GAB_EUK3,SEL_2_wPE1
GAB_EUK3,SEL_2_wPE3
GAB_EUK3,P6_FISH30a
GAB_EUK3,P6_B03
GAB_EUK3,SEL_2_wPET1
GAB_EUK3,SEL_2_wPET2
GAB_EUK3,SEL_3_G2
GAB_EUK3,P6_B12_blk30
GAB_EUK3,SEL_3_PE1
GAB_EUK3,SEL_3_PET2
GAB_EUK3,P6_B04
GAB_EUK3,SEL_3_PET3
GAB_EUK3,SEL_3_wPE2
GAB_EUK3,P6_NTC30b
GAB_EUK3,SEL_3_wPE3
GAB_EUK3,SEL_3_wPET2
GAB_EUK3,SEL_FAL_G1
GAB_EUK3,P6_B05
GAB_EUK3,SEL_FAL_G2
GAB_EUK3,SEL_FAL_G3
GAB_EUK3,SEL_FAL_PET1
GAB_EUK3,SEL_FAL_PET2
GAB_EUK3,SEL_FAL_wPET1
GAB_EUK3,P6_FISH30b
GAB_EUK3,P6_B06
GAB_EUK3,SEL_FAL_wPET2
GAB_EUK3,SEL_FAL_wPET3
GAB_EUK3,SEL_WIN2_G1
GAB_EUK3,SEL_WIN2_G2
GAB_EUK3,SEL_WIN2_PET2
GAB_EUK3,SEL_WIN2_wPE1
GAB_EUK3,P6_B07
GAB_EUK3,SEL_WIN2_wPE3
GAB_EUK3,P6_NTC30c
GAB_EUK3,SEL_WIN2_wPET1
GAB_EUK3,SEL_WIN2_wPET2
GAB_EUK3,TBS_1_PE2
GAB_EUK3,TBS_1_PE3
GAB_EUK3,P6_B08
GAB_EUK3,P6_NTC30d
GAB_EUK3,TBS_1_wPET1
GAB_EUK3,TBS_2_G1
GAB_EUK3,TBS_2_G3
GAB_EUK3,TBS_2_PET1
GAB_EUK3,TBS_2_PET3
GAB_EUK3,P6_B09
GAB_EUK3,TBS_2_wPE1
GAB_EUK3,TBS_2_wPE2
GAB_EUK3,TBS_2_wPET1
GAB_EUK3,TBS_2_wPET2
GAB_EUK3,TBS_2_wPET3
GAB_EUK3,TBS_3_PET2
GAB_EUK3,P6_B10
GAB_EUK3,TBS_3_PET3
GAB_EUK3,TBS_FAL_G2
GAB_EUK3,TBS_FAL_PET1
GAB_EUK3,TBS_FAL_PET2
GAB_EUK3,TBS_FAL_PET3
GAB_EUK3,TBS_FAL_wPE1
GAB_EUK3,TBS_FAL_wPET3
GAB_EUK3,TBS_WIN2_PE1
GAB_EUK3,P6_B11
GAB_EUK3,P6_FISH30c
GAB_EUK3,TBS_WIN2_PE3
GAB_EUK3,TBS_WIN2_wPET1
GAB_EUK3,TBS_WIN2_PET2
GAB_EUK3,TBS_WIN2_wPE1
GAB_EUK3,P6_NTC30e
GAB_EUK3,TBS_1_PET2
GAB_EUK3,P6_B8_blk262
GAB_EUK3,P6_B12
GAB_EUK3,TBS_1_wPET2
GAB_EUK3,P6_NTC262
GAB_EUK3,TBS_2_PE1
GAB_EUK3,TBS_3_G2
GAB_EUK3,TBS_6_F3
GAB_EUK4,SEL_1_G2
GAB_EUK4,SEL_1_PE1
GAB_EUK4,SEL_1_PE3
GAB_EUK4,SEL_1_PET2
GAB_EUK4,SEL_1_PET3
GAB_EUK4,SEL_1_wPE1
GAB_EUK4,P7_B01
GAB_EUK4,SEL_2_G1
GAB_EUK4,SEL_2_PET1
GAB_EUK4,SEL_2_wPE2
GAB_EUK4,P7_NTC35a
GAB_EUK4,SEL_2_wPET3
GAB_EUK4,SEL_3_PET1
GAB_EUK4,SEL_3_G1
GAB_EUK4,SEL_9_F3
GAB_EUK4,P7_B02
GAB_EUK4,SEL_FAL_PE1
GAB_EUK4,SEL_FAL_PE3
GAB_EUK4,SEL_WIN2_G3
GAB_EUK4,SEL_WIN2_PE2
GAB_EUK4,P7_FISH35a
GAB_EUK4,SEL_WIN2_wPE2
GAB_EUK4,P7_B03
GAB_EUK4,TBS_1_G1
GAB_EUK4,TBS_1_G2
GAB_EUK4,TBS_1_G3
GAB_EUK4,TBS_1_PE1
GAB_EUK4,TBS_1_PET1
GAB_EUK4,TBS_1_PET3
GAB_EUK4,P7_B04
GAB_EUK4,TBS_1_wPE2
GAB_EUK4,TBS_1_wPE3
GAB_EUK4,TBS_1_wPET3
GAB_EUK4,TBS_2_G2
GAB_EUK4,TBS_2_PE2
GAB_EUK4,TBS_2_PE3
GAB_EUK4,P7_B05
GAB_EUK4,TBS_2_PET2
GAB_EUK4,TBS_2_wPE3
GAB_EUK4,TBS_FAL_G1
GAB_EUK4,P7_FISH35b
GAB_EUK4,TBS_FAL_PE1
GAB_EUK4,TBS_FAL_PE2
GAB_EUK4,P7_B06
GAB_EUK4,TBS_FAL_PE3
GAB_EUK4,TBS_FAL_wPE3
GAB_EUK4,TBS_FAL_wPET1
GAB_EUK4,TBS_WIN2_G3
GAB_EUK4,TBS_WIN2_wPE2
GAB_EUK4,TBS_WIN2_G1
GAB_EUK4,P7_B07
GAB_EUK4,P7_B5_blk35
GAB_EUK4,P7_B6_blk35
GAB_EUK4,P7_B7_blk35
GAB_EUK4,P7_B8_blk35
GAB_EUK4,P7_B12_blk35
GAB_EUK4,P7_F7_blk35
GAB_EUK4,P7_B08
GAB_EUK4,P7_F8_blk35
GAB_EUK4,P7_DEG_Xblk35
GAB_EUK4,SEL_1_Fil_2
GAB_EUK4,SEL_2_Fil_2
GAB_EUK4,SEL_3_Fil_2
GAB_EUK4,SEL_4_Fil_2
GAB_EUK4,P7_B09
GAB_EUK4,SEL_5_Fil_2
GAB_EUK4,SEL_6_Fil_2
GAB_EUK4,SEL_7_Fil_2
GAB_EUK4,SEL_8_Fil_2
GAB_EUK4,SEL_9_Fil_2
GAB_EUK4,SEL_10_Fil_2
GAB_EUK4,SEL_11_Fil_2
GAB_EUK4,SEL_12_Fil_2
GAB_EUK4,P7_B10
GAB_EUK4,TBS_1_Fil_2
GAB_EUK4,TBS_2_Fil_2
GAB_EUK4,TBS_3_Fil_2
GAB_EUK4,P7_NTC35b
GAB_EUK4,TBS_4_Fil_2
GAB_EUK4,TBS_5_Fil_2
GAB_EUK4,TBS_6_Fil_2
GAB_EUK4,TBS_7_Fil_2
GAB_EUK4,P7_B11
GAB_EUK4,TBS_8_Fil_2
GAB_EUK4,TBS_9_Fil_2
GAB_EUK4,TBS_11_Fil_2
GAB_EUK4,TBS_10_Fil_2
GAB_EUK4,TBS_12_Fil_2
GAB_EUK4,TBS_FAL_G3
GAB_EUK4,TBS_FAL_wPE2
GAB_EUK4,TBS_WIN2_PE2
GAB_EUK4,P7_B12
GAB_EUK4,TBS_WIN2_PET3
GAB_EUK4,P7_B6_blk263
GAB_EUK4,TBS_WIN2_wPET2
GAB_EUK4,TBS_WIN2_wPET3
